{
  "config": {
    "train_start": 202502,
    "train_end": 202601,
    "valid_month": 202602,
    "test_month": 202603,
    "train_months": [
      202502,
      202503,
      202504,
      202505,
      202506,
      202507,
      202508,
      202509,
      202510,
      202511,
      202512,
      202601
    ],
    "n_train_months": 12,
    "neutral_scale": 1.3,
    "lookforward_bars": 6,
    "seq_len": 48,
    "hidden_dim": 128,
    "lstm_output_dim": 64,
    "lstm_epochs": 5,
    "lstm_batch_size": 2048,
    "focal_gamma": 2.0,
    "class_weights": [
      2.5,
      1.0,
      2.5
    ],
    "train_neutral_ratio": 0.6397260273972603,
    "optimal_threshold": 0.65
  },
  "valid_results": {
    "macro_f1": 0.5865927273813158,
    "tcs": 0.4803066004153657,
    "neutral_ratio": 0.6350446428571429,
    "long_recall": 0.43923240938166314,
    "short_recall": 0.6036585365853658,
    "long_precision": 0.5322997416020672,
    "short_precision": 0.5,
    "accuracy": 0.6543898809523809,
    "f1_down": 0.5469613259668509,
    "f1_neutral": 0.7315084449621434,
    "f1_up": 0.48130841121495327,
    "support_down": 492,
    "support_neutral": 1727,
    "support_up": 469,
    "confusion_matrix": [
      [
        297,
        192,
        3
      ],
      [
        293,
        1256,
        178
      ],
      [
        4,
        259,
        206
      ]
    ],
    "18_probabilities": {
      "P_aL_pL": 0.5,
      "P_aN_pL": 0.49326599326599324,
      "P_aS_pL": 0.006734006734006734,
      "P_aL_pN": 0.11247803163444639,
      "P_aN_pN": 0.7357937902753369,
      "P_aS_pN": 0.15172817809021674,
      "P_aL_pS": 0.007751937984496124,
      "P_aN_pS": 0.4599483204134367,
      "P_aS_pS": 0.5322997416020672,
      "P_pL_aL": 0.6036585365853658,
      "P_pN_aL": 0.5955284552845529,
      "P_pS_aL": 0.008130081300813009,
      "P_pL_aN": 0.11117544875506659,
      "P_pN_aN": 0.7272727272727273,
      "P_pS_aN": 0.14997104806022005,
      "P_pL_aS": 0.006396588486140725,
      "P_pN_aS": 0.3795309168443497,
      "P_pS_aS": 0.43923240938166314
    }
  },
  "test_results": {
    "macro_f1": 0.5874922290285941,
    "tcs": 0.4713134409590239,
    "neutral_ratio": 0.6713454296473811,
    "long_recall": 0.4204322200392927,
    "short_recall": 0.542907180385289,
    "long_precision": 0.5404040404040404,
    "short_precision": 0.549645390070922,
    "accuracy": 0.6631290653885655,
    "f1_down": 0.5462555066079295,
    "f1_neutral": 0.7432930036822726,
    "f1_up": 0.47292817679558014,
    "support_down": 571,
    "support_neutral": 1841,
    "support_up": 509,
    "confusion_matrix": [
      [
        310,
        255,
        6
      ],
      [
        252,
        1413,
        176
      ],
      [
        2,
        293,
        214
      ]
    ],
    "pred_distribution": {
      "DOWN": 564,
      "NEUTRAL": 1961,
      "UP": 396
    },
    "18_probabilities": {
      "P_aL_pL": 0.549645390070922,
      "P_aN_pL": 0.44680851063829785,
      "P_aS_pL": 0.0035460992907801418,
      "P_aL_pN": 0.13003569607343193,
      "P_aN_pN": 0.720550739418664,
      "P_aS_pN": 0.14941356450790413,
      "P_aL_pS": 0.015151515151515152,
      "P_aN_pS": 0.4444444444444444,
      "P_aS_pS": 0.5404040404040404,
      "P_pL_aL": 0.542907180385289,
      "P_pN_aL": 0.4413309982486865,
      "P_pS_aL": 0.0035026269702276708,
      "P_pL_aN": 0.1385116784356328,
      "P_pN_aN": 0.7675176534492124,
      "P_pS_aN": 0.15915263443780553,
      "P_pL_aS": 0.011787819253438114,
      "P_pN_aS": 0.34577603143418467,
      "P_pS_aS": 0.4204322200392927
    }
  },
  "threshold_comparison": [
    {
      "threshold": 0.0,
      "neutral_ratio": 0.4251968503937008,
      "macro_f1": 0.5754825685041305,
      "tcs": 0.5107709491625356
    },
    {
      "threshold": 0.05,
      "neutral_ratio": 0.4251968503937008,
      "macro_f1": 0.5754825685041305,
      "tcs": 0.5107709491625356
    },
    {
      "threshold": 0.1,
      "neutral_ratio": 0.4251968503937008,
      "macro_f1": 0.5754825685041305,
      "tcs": 0.5107709491625356
    },
    {
      "threshold": 0.15,
      "neutral_ratio": 0.4251968503937008,
      "macro_f1": 0.5754825685041305,
      "tcs": 0.5107709491625356
    },
    {
      "threshold": 0.2,
      "neutral_ratio": 0.4251968503937008,
      "macro_f1": 0.5754825685041305,
      "tcs": 0.5107709491625356
    },
    {
      "threshold": 0.25,
      "neutral_ratio": 0.4251968503937008,
      "macro_f1": 0.5754825685041305,
      "tcs": 0.5107709491625356
    },
    {
      "threshold": 0.3,
      "neutral_ratio": 0.4251968503937008,
      "macro_f1": 0.5754825685041305,
      "tcs": 0.5107709491625356
    },
    {
      "threshold": 0.35,
      "neutral_ratio": 0.4251968503937008,
      "macro_f1": 0.5754825685041305,
      "tcs": 0.5107709491625356
    },
    {
      "threshold": 0.4,
      "neutral_ratio": 0.4251968503937008,
      "macro_f1": 0.5754825685041305,
      "tcs": 0.5107709491625356
    },
    {
      "threshold": 0.45,
      "neutral_ratio": 0.4262238959260527,
      "macro_f1": 0.5756162902530284,
      "tcs": 0.5104596449586556
    },
    {
      "threshold": 0.5,
      "neutral_ratio": 0.43717904827114,
      "macro_f1": 0.5818626086237418,
      "tcs": 0.5136292862681912
    },
    {
      "threshold": 0.55,
      "neutral_ratio": 0.5022252653200958,
      "macro_f1": 0.5891459314132295,
      "tcs": 0.4996418350640319
    },
    {
      "threshold": 0.6,
      "neutral_ratio": 0.5902088325915782,
      "macro_f1": 0.6003690733510183,
      "tcs": 0.493011325147449
    },
    {
      "threshold": 0.65,
      "neutral_ratio": 0.6713454296473811,
      "macro_f1": 0.5874922290285941,
      "tcs": 0.4713134409590239
    },
    {
      "threshold": 0.7,
      "neutral_ratio": 0.7463197535090722,
      "macro_f1": 0.57136326427184,
      "tcs": 0.4560773120999323
    },
    {
      "threshold": 0.75,
      "neutral_ratio": 0.828483396097227,
      "macro_f1": 0.5205812882813621,
      "tcs": 0.4187386638522881
    },
    {
      "threshold": 0.8,
      "neutral_ratio": 0.9424854501882917,
      "macro_f1": 0.3673477550958158,
      "tcs": 0.3224985347740955
    },
    {
      "threshold": 0.85,
      "neutral_ratio": 0.9928106812735364,
      "macro_f1": 0.2711244254167688,
      "tcs": 0.0453102784832123
    },
    {
      "threshold": 0.9,
      "neutral_ratio": 1.0,
      "macro_f1": 0.25773484530309393,
      "tcs": 0.042033402057053
    },
    {
      "threshold": 0.95,
      "neutral_ratio": 1.0,
      "macro_f1": 0.25773484530309393,
      "tcs": 0.042033402057053
    },
    {
      "threshold": 1.0,
      "neutral_ratio": 1.0,
      "macro_f1": 0.25773484530309393,
      "tcs": 0.042033402057053
    }
  ],
  "model_files": {
    "lstm": "models\\train_202502_202601_20260412T202242\\lstm_model.pt",
    "catboost": "models\\train_202502_202601_20260412T202242\\catboost_model.cbm",
    "scaler": "models\\train_202502_202601_20260412T202242\\scaler.pkl"
  },
  "timestamp": "20260412T202242"
}