{
  "config": {
    "neutral_scale": 1.3,
    "lookforward_bars": 6,
    "seq_len": 48,
    "hidden_dim": 128,
    "lstm_output_dim": 64,
    "probability_threshold": 0.65,
    "train_months": [
      202401,
      202402,
      202403,
      202404,
      202405,
      202406,
      202407,
      202408,
      202409,
      202410,
      202411,
      202412,
      202501,
      202502,
      202503,
      202504,
      202505,
      202506,
      202507,
      202508,
      202509,
      202510,
      202511,
      202512
    ],
    "valid_month": 202601,
    "test_month": 202602
  },
  "macro_f1": 0.7803977290351689,
  "composite_score": 0.37173453981575477,
  "long_recall": 0.7739872068230277,
  "short_recall": 0.7886178861788617,
  "long_precision": 0.6836158192090396,
  "short_precision": 0.7461538461538462,
  "precision_down": 0.7461538461538462,
  "precision_neutral": 0.8717165546731827,
  "precision_up": 0.6836158192090396,
  "recall_down": 0.7886178861788617,
  "recall_neutral": 0.8262883613202084,
  "recall_up": 0.7739872068230277,
  "f1_down": 0.766798418972332,
  "f1_neutral": 0.8483947681331748,
  "f1_up": 0.726,
  "P_aS_pL": 0.0,
  "P_aL_pS": 0.0,
  "P_aL_pN": 0.06353084911423336,
  "P_aS_pN": 0.064752596212584,
  "support_down": 492,
  "support_neutral": 1727,
  "support_up": 469,
  "pred_distribution": {
    "DOWN": 520,
    "NEUTRAL": 1637,
    "UP": 531
  },
  "confusion_matrix": [
    [
      388,
      104,
      0
    ],
    [
      132,
      1427,
      168
    ],
    [
      0,
      106,
      363
    ]
  ],
  "test_size": 2688
}