{
  "config": {
    "neutral_scale": 0.4,
    "lookforward_bars": 1,
    "train_window": 800,
    "step": 100,
    "days": 365,
    "interval": "15m"
  },
  "summary": {
    "avg_test_accuracy": 0.3708333333333333,
    "avg_weighted_loss": 1.8502783062717461e-06,
    "avg_p_actual_given_predict_L": 0.25647354814200457,
    "avg_p_actual_given_predict_N": 0.5610786726411114,
    "avg_p_actual_given_predict_S": 0.24681174362844574
  },
  "windows": [
    {
      "window_start": 0,
      "train_size": 800,
      "valid_size": 100,
      "test_size": 100,
      "cond_prob_predict_given_actual_0": 0.34782608695652173,
      "cond_prob_predict_given_actual_1": 0.631578947368421,
      "cond_prob_predict_given_actual_2": 0.35,
      "cond_prob_actual_given_predict_0": 0.3333333333333333,
      "cond_prob_actual_given_predict_1": 0.6206896551724138,
      "cond_prob_actual_given_predict_2": 0.3888888888888889,
      "weighted_loss": -4.3709994911302336e-07,
      "test_accuracy": 0.51,
      "train_accuracy": 0.89625,
      "valid_accuracy": 0.48,
      "p_predict_0_given_actual_0": 0.34782608695652173,
      "p_predict_1_given_actual_1": 0.631578947368421,
      "p_predict_2_given_actual_2": 0.35,
      "p_actual_0_given_predict_0": 0.3333333333333333,
      "p_actual_1_given_predict_1": 0.6206896551724138,
      "p_actual_2_given_predict_2": 0.3888888888888889
    },
    {
      "window_start": 100,
      "train_size": 800,
      "valid_size": 100,
      "test_size": 100,
      "cond_prob_predict_given_actual_0": 0.0,
      "cond_prob_predict_given_actual_1": 0.19298245614035087,
      "cond_prob_predict_given_actual_2": 0.9444444444444444,
      "cond_prob_actual_given_predict_0": 0.0,
      "cond_prob_actual_given_predict_1": 0.8461538461538461,
      "cond_prob_actual_given_predict_2": 0.19767441860465115,
      "weighted_loss": 1.3020389076720363e-06,
      "test_accuracy": 0.28,
      "train_accuracy": 0.91875,
      "valid_accuracy": 0.51,
      "p_predict_0_given_actual_0": 0.0,
      "p_predict_1_given_actual_1": 0.19298245614035087,
      "p_predict_2_given_actual_2": 0.9444444444444444,
      "p_actual_0_given_predict_0": 0.0,
      "p_actual_1_given_predict_1": 0.8461538461538461,
      "p_actual_2_given_predict_2": 0.19767441860465115
    },
    {
      "window_start": 200,
      "train_size": 800,
      "valid_size": 100,
      "test_size": 100,
      "cond_prob_predict_given_actual_0": 0.045454545454545456,
      "cond_prob_predict_given_actual_1": 0.7272727272727273,
      "cond_prob_predict_given_actual_2": 0.34782608695652173,
      "cond_prob_actual_given_predict_0": 0.16666666666666666,
      "cond_prob_actual_given_predict_1": 0.5714285714285714,
      "cond_prob_actual_given_predict_2": 0.3333333333333333,
      "weighted_loss": 4.897419038128785e-08,
      "test_accuracy": 0.49,
      "train_accuracy": 0.9,
      "valid_accuracy": 0.37,
      "p_predict_0_given_actual_0": 0.045454545454545456,
      "p_predict_1_given_actual_1": 0.7272727272727273,
      "p_predict_2_given_actual_2": 0.34782608695652173,
      "p_actual_0_given_predict_0": 0.16666666666666666,
      "p_actual_1_given_predict_1": 0.5714285714285714,
      "p_actual_2_given_predict_2": 0.3333333333333333
    },
    {
      "window_start": 300,
      "train_size": 800,
      "valid_size": 100,
      "test_size": 100,
      "cond_prob_predict_given_actual_0": 0.2857142857142857,
      "cond_prob_predict_given_actual_1": 0.6727272727272727,
      "cond_prob_predict_given_actual_2": 0.16666666666666666,
      "cond_prob_actual_given_predict_0": 0.2727272727272727,
      "cond_prob_actual_given_predict_1": 0.6491228070175439,
      "cond_prob_actual_given_predict_2": 0.19047619047619047,
      "weighted_loss": 9.00890625284195e-08,
      "test_accuracy": 0.47,
      "train_accuracy": 0.89375,
      "valid_accuracy": 0.49,
      "p_predict_0_given_actual_0": 0.2857142857142857,
      "p_predict_1_given_actual_1": 0.6727272727272727,
      "p_predict_2_given_actual_2": 0.16666666666666666,
      "p_actual_0_given_predict_0": 0.2727272727272727,
      "p_actual_1_given_predict_1": 0.6491228070175439,
      "p_actual_2_given_predict_2": 0.19047619047619047
    },
    {
      "window_start": 400,
      "train_size": 800,
      "valid_size": 100,
      "test_size": 100,
      "cond_prob_predict_given_actual_0": 0.3333333333333333,
      "cond_prob_predict_given_actual_1": 0.43103448275862066,
      "cond_prob_predict_given_actual_2": 0.1111111111111111,
      "cond_prob_actual_given_predict_0": 0.2222222222222222,
      "cond_prob_actual_given_predict_1": 0.49019607843137253,
      "cond_prob_actual_given_predict_2": 0.15384615384615385,
      "weighted_loss": 1.9319372605420013e-06,
      "test_accuracy": 0.35,
      "train_accuracy": 0.9,
      "valid_accuracy": 0.42,
      "p_predict_0_given_actual_0": 0.3333333333333333,
      "p_predict_1_given_actual_1": 0.43103448275862066,
      "p_predict_2_given_actual_2": 0.1111111111111111,
      "p_actual_0_given_predict_0": 0.2222222222222222,
      "p_actual_1_given_predict_1": 0.49019607843137253,
      "p_actual_2_given_predict_2": 0.15384615384615385
    },
    {
      "window_start": 500,
      "train_size": 800,
      "valid_size": 100,
      "test_size": 100,
      "cond_prob_predict_given_actual_0": 0.4,
      "cond_prob_predict_given_actual_1": 0.46551724137931033,
      "cond_prob_predict_given_actual_2": 0.35294117647058826,
      "cond_prob_actual_given_predict_0": 0.4,
      "cond_prob_actual_given_predict_1": 0.5869565217391305,
      "cond_prob_actual_given_predict_2": 0.20689655172413793,
      "weighted_loss": 1.9787724408100193e-06,
      "test_accuracy": 0.43,
      "train_accuracy": 0.89375,
      "valid_accuracy": 0.39,
      "p_predict_0_given_actual_0": 0.4,
      "p_predict_1_given_actual_1": 0.46551724137931033,
      "p_predict_2_given_actual_2": 0.35294117647058826,
      "p_actual_0_given_predict_0": 0.4,
      "p_actual_1_given_predict_1": 0.5869565217391305,
      "p_actual_2_given_predict_2": 0.20689655172413793
    },
    {
      "window_start": 600,
      "train_size": 800,
      "valid_size": 100,
      "test_size": 100,
      "cond_prob_predict_given_actual_0": 0.3,
      "cond_prob_predict_given_actual_1": 0.3103448275862069,
      "cond_prob_predict_given_actual_2": 0.4090909090909091,
      "cond_prob_actual_given_predict_0": 0.2,
      "cond_prob_actual_given_predict_1": 0.5625,
      "cond_prob_actual_given_predict_2": 0.23684210526315788,
      "weighted_loss": 3.284429776304637e-06,
      "test_accuracy": 0.33,
      "train_accuracy": 0.905,
      "valid_accuracy": 0.45,
      "p_predict_0_given_actual_0": 0.3,
      "p_predict_1_given_actual_1": 0.3103448275862069,
      "p_predict_2_given_actual_2": 0.4090909090909091,
      "p_actual_0_given_predict_0": 0.2,
      "p_actual_1_given_predict_1": 0.5625,
      "p_actual_2_given_predict_2": 0.23684210526315788
    },
    {
      "window_start": 700,
      "train_size": 800,
      "valid_size": 100,
      "test_size": 100,
      "cond_prob_predict_given_actual_0": 0.6363636363636364,
      "cond_prob_predict_given_actual_1": 0.2692307692307692,
      "cond_prob_predict_given_actual_2": 0.38461538461538464,
      "cond_prob_actual_given_predict_0": 0.28,
      "cond_prob_actual_given_predict_1": 0.7,
      "cond_prob_actual_given_predict_2": 0.3333333333333333,
      "weighted_loss": 2.1486402415590826e-06,
      "test_accuracy": 0.38,
      "train_accuracy": 0.92375,
      "valid_accuracy": 0.19,
      "p_predict_0_given_actual_0": 0.6363636363636364,
      "p_predict_1_given_actual_1": 0.2692307692307692,
      "p_predict_2_given_actual_2": 0.38461538461538464,
      "p_actual_0_given_predict_0": 0.28,
      "p_actual_1_given_predict_1": 0.7,
      "p_actual_2_given_predict_2": 0.3333333333333333
    },
    {
      "window_start": 800,
      "train_size": 800,
      "valid_size": 100,
      "test_size": 100,