{
  "config": {
    "neutral_scale": 1.3,
    "lookforward_bars": 6,
    "seq_len": 48,
    "probability_threshold": 0.12,
    "train_months": [
      202409,
      202410,
      202411,
      202412,
      202501,
      202502,
      202503,
      202504,
      202505,
      202506,
      202507,
      202508
    ]
  },
  "results": {
    "Valid": {
      "macro_f1": 0.6220357332067694,
      "tcs": 0.5948673159116094,
      "long_recall": 0.7163120567375887,
      "short_recall": 0.8711538461538462,
      "long_precision": 0.554945054945055,
      "short_precision": 0.4603658536585366,
      "precision_down": 0.4603658536585366,
      "precision_neutral": 0.809931506849315,
      "precision_up": 0.554945054945055,
      "recall_down": 0.8711538461538462,
      "recall_neutral": 0.5267260579064588,
      "recall_up": 0.7163120567375887,
      "f1_down": 0.6023936170212766,
      "f1_neutral": 0.6383265856950067,
      "f1_up": 0.6253869969040248,
      "P_aL_pL": 0.4603658536585366,
      "P_aN_pL": 0.5376016260162602,
      "P_aS_pL": 0.0020325203252032522,
      "P_aL_pN": 0.0547945205479452,
      "P_aN_pN": 0.809931506849315,
      "P_aS_pN": 0.13527397260273974,
      "P_aL_pS": 0.004120879120879121,
      "P_aN_pS": 0.4409340659340659,
      "P_aS_pS": 0.554945054945055,
      "P_pL_aL": 0.8711538461538462,
      "P_pN_aL": 1.0173076923076922,
      "P_pS_aL": 0.0038461538461538464,
      "P_pL_aN": 0.035634743875278395,
      "P_pN_aN": 0.5267260579064588,
      "P_pS_aN": 0.08797327394209355,
      "P_pL_aS": 0.005319148936170213,
      "P_pN_aS": 0.5691489361702128,
      "P_pS_aS": 0.7163120567375887,
      "support_down": 520,
      "support_neutral": 1796,
      "support_up": 564,
      "pred_distribution": {
        "DOWN": 984,
        "NEUTRAL": 1168,
        "UP": 728
      },
      "confusion_matrix": [
        [
          453,
          64,
          3
        ],
        [
          529,
          946,
          321
        ],
        [
          2,
          158,
          404
        ]
      ],
      "test_size": 2880
    },
    "Test": {
      "macro_f1": 0.5490515910411896,
      "tcs": 0.499025941997995,
      "long_recall": 0.7490774907749077,
      "short_recall": 0.8277886497064579,
      "long_precision": 0.4486187845303867,
      "short_precision": 0.4009478672985782,
      "precision_down": 0.4009478672985782,
      "precision_neutral": 0.7893700787401575,
      "precision_up": 0.4486187845303867,
      "recall_down": 0.8277886497064579,
      "recall_neutral": 0.4170566822672907,
      "recall_up": 0.7490774907749077,
      "f1_down": 0.5402298850574712,
      "f1_neutral": 0.5457638652602926,
      "f1_up": 0.561161022805805,
      "P_aL_pL": 0.4009478672985782,
      "P_aN_pL": 0.5914691943127962,
      "P_aS_pL": 0.007582938388625593,
      "P_aL_pN": 0.08464566929133858,
      "P_aN_pN": 0.7893700787401575,
      "P_aS_pN": 0.12598425196850394,
      "P_aL_pS": 0.0022099447513812156,
      "P_aN_pS": 0.549171270718232,
      "P_aS_pS": 0.4486187845303867,
      "P_pL_aL": 0.8277886497064579,
      "P_pN_aL": 1.2211350293542074,
      "P_pS_aL": 0.015655577299412915,
      "P_pL_aN": 0.04472178887155486,
      "P_pN_aN": 0.4170566822672907,
      "P_pS_aN": 0.06656266250650027,
      "P_pL_aS": 0.0036900369003690036,
      "P_pN_aS": 0.9169741697416974,
      "P_pS_aS": 0.7490774907749077,
      "support_down": 511,
      "support_neutral": 1923,
      "support_up": 542,
      "pred_distribution": {
        "DOWN": 1055,
        "NEUTRAL": 1016,
        "UP": 905
      },
      "confusion_matrix": [
        [
          423,
          86,
          2
        ],
        [
          624,
          802,
          497
        ],
        [
          8,
          128,
          406
        ]
      ],
      "test_size": 2976
    }
  }
}