{
  "config": {
    "neutral_scale": 1.3,
    "lookforward_bars": 6,
    "seq_len": 48,
    "hidden_dim": 128,
    "lstm_output_dim": 64,
    "probability_threshold": 0.65
  },
  "results": [
    {
      "train_months": [
        202401,
        202402,
        202403
      ],
      "valid_month": 202601,
      "test_month": 202602,
      "train_size": 3,
      "valid_size": 0,
      "test_size": 2688,
      "accuracy": 0.6409970238095238,
      "P_aL_pL": 0.0,
      "P_aN_pL": 0.0,
      "P_aS_pL": 0.0,
      "P_aL_pN": 0.18344519015659955,
      "P_aN_pN": 0.6420581655480985,
      "P_aS_pN": 0.174496644295302,
      "P_aL_pS": 0.0,
      "P_aN_pS": 0.8333333333333334,
      "P_aS_pS": 0.16666666666666666,
      "P_pL_aL": 0.0,
      "P_pN_aL": 0.0,
      "P_pS_aL": 0.0,
      "P_pL_aN": 0.28488708743485813,
      "P_pN_aN": 0.9971048060220035,
      "P_pS_aN": 0.2709901563404748,
      "P_pL_aS": 0.0,
      "P_pN_aS": 0.010660980810234541,
      "P_pS_aS": 0.0021321961620469083,
      "precision_down": 0.0,
      "precision_neutral": 0.6420581655480985,
      "precision_up": 0.16666666666666666,
      "recall_down": 0.0,
      "recall_neutral": 0.9971048060220035,
      "recall_up": 0.0021321961620469083,
      "f1_down": 0.0,
      "f1_neutral": 0.7811295078249036,
      "f1_up": 0.004210526315789474,
      "support_down": 492,
      "support_neutral": 1727,
      "support_up": 469,
      "macro_f1": 0.26178001138023105,
      "macro_precision": 0.2695749440715884,
      "macro_recall": 0.3330790007280168,
      "long_recall": 0.0021321961620469083,
      "short_recall": 0.0,
      "long_precision": 0.16666666666666666,
      "short_precision": 0.0,
      "composite_score": -1.0738255033557045,
      "confusion_matrix_raw": [
        [
          0,
          492,
          0
        ],
        [
          0,
          1722,
          5
        ],
        [
          0,
          468,
          1
        ]
      ],
      "confusion_matrix_post": [
        [
          0,
          492,
          0
        ],
        [
          0,
          1722,
          5
        ],
        [
          0,
          468,
          1
        ]
      ],
      "pred_distribution": {
        "DOWN": 0,
        "NEUTRAL": 2682,
        "UP": 6
      }
    },
    {
      "train_months": [
        202401,
        202402,
        202403,
        202404,
        202405,
        202406
      ],
      "valid_month": 202601,
      "test_month": 202602,
      "train_size": 6,
      "valid_size": 0,
      "test_size": 2688,
      "accuracy": 0.6335565476190477,
      "P_aL_pL": 0.41702127659574467,
      "P_aN_pL": 0.5148936170212766,
      "P_aS_pL": 0.06808510638297872,
      "P_aL_pN": 0.16589278176445757,
      "P_aN_pN": 0.6601941747572816,
      "P_aS_pN": 0.17391304347826086,
      "P_aL_pS": 0.011904761904761904,
      "P_aN_pS": 0.5,
      "P_aS_pS": 0.4880952380952381,
      "P_pL_aL": 0.1991869918699187,
      "P_pN_aL": 0.2459349593495935,
      "P_pS_aL": 0.032520325203252036,
      "P_pL_aN": 0.22756224667052694,
      "P_pN_aN": 0.9056166763173132,
      "P_pS_aN": 0.23856398378691374,
      "P_pL_aS": 0.0021321961620469083,
      "P_pN_aS": 0.08955223880597014,
      "P_pS_aS": 0.08742004264392324,
      "precision_down": 0.41702127659574467,
      "precision_neutral": 0.6601941747572816,
      "precision_up": 0.4880952380952381,
      "recall_down": 0.1991869918699187,
      "recall_neutral": 0.9056166763173132,
      "recall_up": 0.08742004264392324,
      "f1_down": 0.2696011004126547,
      "f1_neutral": 0.763671875,
      "f1_up": 0.14828209764918623,
      "support_down": 492,
      "support_neutral": 1727,
      "support_up": 469,
      "macro_f1": 0.39385169102061374,
      "macro_precision": 0.5217702298160881,
      "macro_recall": 0.3974079036103851,
      "long_recall": 0.08742004264392324,
      "short_recall": 0.1991869918699187,
      "long_precision": 0.4880952380952381,
      "short_precision": 0.41702127659574467,
      "composite_score": -1.4414383221461928,
      "confusion_matrix_raw": [
        [
          98,
          393,
          1
        ],
        [
          121,
          1564,
          42
        ],
        [
          16,
          412,
          41
        ]
      ],
      "confusion_matrix_post": [
        [
          98,
          393,
          1
        ],
        [
          121,
          1564,
          42
        ],
        [
          16,
          412,
          41
        ]
      ],
      "pred_distribution": {
        "DOWN": 235,
        "NEUTRAL": 2369,
        "UP": 84
      }
    },
    {
      "train_months": [
        202401,
        202402,
        202403,
        202404,
        202405,
        202406,
        202407,
        202408,
        202409
      ],
      "valid_month": 202601,
      "test_month": 202602,
      "train_size": 9,
      "valid_size": 0,
      "test_size": 2688,
      "accuracy": 0.6424851190476191,
      "P_aL_pL": 0.0,
      "P_aN_pL": 0.0,
      "P_aS_pL": 0.0,
      "P_aL_pN": 0.18303571428571427,
      "P_aN_pN": 0.6424851190476191,
      "P_aS_pN": 0.17447916666666666,
      "P_aL_pS": 0.0,
      "P_aN_pS": 0.0,
      "P_aS_pS": 0.0,
      "P_pL_aL": 0.0,
      "P_pN_aL": 0.0,
      "P_pS_aL": 0.0,
      "P_pL_aN": 0.28488708743485813,
      "P_pN_aN": 1.0,
      "P_pS_aN": 0.27156919513607414,
      "P_pL_aS": 0.0,
      "P_pN_aS": 0.0,
      "P_pS_aS": 0.0,
      "precision_down": 0.0,
      "precision_neutral": 0.6424851190476191,
      "precision_up": 0.0,
      "recall_down": 0.0,
      "recall_neutral": 1.0,
      "recall_up": 0.0,
      "f1_down": 0.0,
      "f1_neutral": 0.7823329558323896,
      "f1_up": 0.0,
      "support_down": 492,
      "support_neutral": 1727,
      "support_up": 469,
      "macro_f1": 0.2607776519441299,
      "macro_precision": 0.21416170634920637,
      "macro_recall": 0.3333333333333333,
      "long_recall": 0.0,
      "short_recall": 0.0,
      "long_precision": 0.0,
      "short_precision": 0.0,
      "composite_score": -1.0725446428571428,
      "confusion_matrix_raw": [
        [
          0,
          492,
          0
        ],
        [
          0,
          1727,
          0
        ],
        [
          0,
          469,
          0
        ]
      ],
      "confusion_matrix_post": [
        [
          0,
          492,
          0
        ],
        [
          0,
          1727,
          0
        ],
        [
          0,
          469,
          0
        ]
      ],
      "pred_distribution": {
        "DOWN": 0,
        "NEUTRAL": 2688,
        "UP": 0
      }
    },
    {
      "train_months": [
        202401,
        202402,
        202403,
        202404,
        202405,
        202406,
        202407,
        202408,
        202409,
        202410,
        202411,
        202412
      ],
      "valid_month": 202601,
      "test_month": 202602,
      "train_size": 12,
      "valid_size": 0,
      "test_size": 2688,
      "accuracy": 0.6815476190476191,
      "P_aL_pL": 0.5433070866141733,
      "P_aN_pL": 0.452755905511811,
      "P_aS_pL": 0.003937007874015748,
      "P_aL_pN": 0.12271689497716895,
      "P_aN_pN": 0.7494292237442922,
      "P_aS_pN": 0.1278538812785388,
      "P_aL_pS": 0.002336448598130841,
      "P_aN_pS": 0.42990654205607476,
      "P_aS_pS": 0.5677570093457944,
      "P_pL_aL": 0.5609756097560976,
      "P_pN_aL": 0.46747967479674796,
      "P_pS_aL": 0.0040650406504065045,
      "P_pL_aN": 0.12449334105385061,
      "P_pN_aN": 0.7602779386218876,
      "P_pS_aN": 0.12970469021424436,
      "P_pL_aS": 0.0021321961620469083,
      "P_pN_aS": 0.39232409381663114,
      "P_pS_aS": 0.5181236673773987,
      "precision_down": 0.5433070866141733,
      "precision_neutral": 0.7494292237442922,
      "precision_up": 0.5677570093457944,
      "recall_down": 0.5609756097560976,
      "recall_neutral": 0.7602779386218876,
      "recall_up": 0.5181236673773987,
      "f1_down": 0.552,