{
  "config": {
    "neutral_scale": 0.55,
    "lookforward_bars": 6,
    "seq_len": 48,
    "hidden_dim": 128,
    "lstm_output_dim": 64,
    "focal_gamma": 2.0,
    "class_weights": [
      2.5,
      1.0,
      2.5
    ],
    "probability_threshold": 0.12
  },
  "results": [
    {
      "train_months": [
        202401,
        202402,
        202403,
        202404,
        202405,
        202406
      ],
      "valid_month": 202407,
      "test_month": 202410,
      "train_size": 17424,
      "valid_size": 2976,
      "test_size": 2976,
      "accuracy": 0.8934811827956989,
      "precision_down": 0.8831908831908832,
      "precision_neutral": 0.874189364461738,
      "precision_up": 0.9157986111111112,
      "recall_down": 0.9480122324159022,
      "recall_neutral": 0.7539149888143176,
      "recall_up": 0.9582198001816531,
      "f1_down": 0.9144542772861357,
      "f1_neutral": 0.8096096096096096,
      "f1_up": 0.9365290723479804,
      "support_down": 981,
      "support_neutral": 894,
      "support_up": 1101,
      "macro_f1": 0.8868643197479086,
      "macro_precision": 0.8910596195879107,
      "macro_recall": 0.8867156738039577,
      "long_recall": 0.9582198001816531,
      "short_recall": 0.9480122324159022,
      "long_precision": 0.9157986111111112,
      "short_precision": 0.8831908831908832,
      "accuracy_post": 0.8934811827956989,
      "precision_down_post": 0.8831908831908832,
      "precision_neutral_post": 0.874189364461738,
      "precision_up_post": 0.9157986111111112,
      "recall_down_post": 0.9480122324159022,
      "recall_neutral_post": 0.7539149888143176,
      "recall_up_post": 0.9582198001816531,
      "f1_down_post": 0.9144542772861357,
      "f1_neutral_post": 0.8096096096096096,
      "f1_up_post": 0.9365290723479804,
      "support_down_post": 981,
      "support_neutral_post": 894,
      "support_up_post": 1101,
      "macro_f1_post": 0.8868643197479086,
      "macro_precision_post": 0.8910596195879107,
      "macro_recall_post": 0.8867156738039577,
      "long_recall_post": 0.9582198001816531,
      "short_recall_post": 0.9480122324159022,
      "long_precision_post": 0.9157986111111112,
      "short_precision_post": 0.8831908831908832,
      "confusion_matrix_raw": [
        [
          930,
          51,
          0
        ],
        [
          123,
          674,
          97
        ],
        [
          0,
          46,
          1055
        ]
      ],
      "confusion_matrix_post": [
        [
          930,
          51,
          0
        ],
        [
          123,
          674,
          97
        ],
        [
          0,
          46,
          1055
        ]
      ]
    },
    {
      "train_months": [
        202401,
        202402,
        202403,
        202404,
        202405,
        202406,
        202407,
        202408,
        202409
      ],
      "valid_month": 202410,
      "test_month": 202501,
      "train_size": 26256,
      "valid_size": 2976,
      "test_size": 2976,
      "accuracy": 0.9200268817204301,
      "precision_down": 0.9243614931237721,
      "precision_neutral": 0.8981380065717415,
      "precision_up": 0.9349282296650717,
      "recall_down": 0.9592252803261978,
      "recall_neutral": 0.8523908523908524,
      "recall_up": 0.9457889641819942,
      "f1_down": 0.9414707353676839,
      "f1_neutral": 0.8746666666666667,
      "f1_up": 0.9403272377285852,
      "support_down": 981,
      "support_neutral": 962,
      "support_up": 1033,
      "macro_f1": 0.9188215465876453,
      "macro_precision": 0.9191425764535284,
      "macro_recall": 0.9191350322996814,
      "long_recall": 0.9457889641819942,
      "short_recall": 0.9592252803261978,
      "long_precision": 0.9349282296650717,
      "short_precision": 0.9243614931237721,
      "accuracy_post": 0.9200268817204301,
      "precision_down_post": 0.9243614931237721,
      "precision_neutral_post": 0.8981380065717415,
      "precision_up_post": 0.9349282296650717,
      "recall_down_post": 0.9592252803261978,
      "recall_neutral_post": 0.8523908523908524,
      "recall_up_post": 0.9457889641819942,
      "f1_down_post": 0.9414707353676839,
      "f1_neutral_post": 0.8746666666666667,
      "f1_up_post": 0.9403272377285852,
      "support_down_post": 981,
      "support_neutral_post": 962,
      "support_up_post": 1033,
      "macro_f1_post": 0.9188215465876453,
      "macro_precision_post": 0.9191425764535284,
      "macro_recall_post": 0.9191350322996814,
      "long_recall_post": 0.9457889641819942,
      "short_recall_post": 0.9592252803261978,
      "long_precision_post": 0.9349282296650717,
      "short_precision_post": 0.9243614931237721,
      "confusion_matrix_raw": [
        [
          941,
          40,
          0
        ],
        [
          74,
          820,
          68
        ],
        [
          3,
          53,
          977
        ]
      ],
      "confusion_matrix_post": [
        [
          941,
          40,
          0
        ],
        [
          74,
          820,
          68
        ],
        [
          3,
          53,
          977
        ]
      ]
    }
  ]
}