{
  "folds": [
    {
      "fold_name": "3-month",
      "n_months": 3,
      "train_months": [
        202507,
        202508,
        202509
      ],
      "config": {
        "neutral_scale": 1.3,
        "lookforward_bars": 6,
        "seq_len": 48,
        "train_neutral_ratio": 0.6289628623188406,
        "optimal_threshold": 0.55
      },
      "valid_results": {
        "macro_f1": 0.5148530959082258,
        "tcs": 0.4191279668525194,
        "neutral_ratio": 0.8552083333333333,
        "long_recall": 0.29609929078014185,
        "short_recall": 0.23076923076923078,
        "long_precision": 0.7076271186440678,
        "short_precision": 0.6629834254143646,
        "confusion_matrix": [
          [
            120,
            396,
            4
          ],
          [
            60,
            1671,
            65
          ],
          [
            1,
            396,
            167
          ]
        ],
        "P_aL_pL": 0.6629834254143646,
        "P_aN_pL": 0.3314917127071823,
        "P_aS_pL": 0.0055248618784530384,
        "P_aL_pN": 0.1607795371498173,
        "P_aN_pN": 0.6784409257003654,
        "P_aS_pN": 0.1607795371498173,
        "P_aL_pS": 0.01694915254237288,
        "P_aN_pS": 0.2754237288135593,
        "P_aS_pS": 0.7076271186440678,
        "P_pL_aL": 0.23076923076923078,
        "P_pN_aL": 0.11538461538461539,
        "P_pS_aL": 0.0019230769230769232,
        "P_pL_aN": 0.22048997772828507,
        "P_pN_aN": 0.9304008908685969,
        "P_pS_aN": 0.22048997772828507,
        "P_pL_aS": 0.0070921985815602835,
        "P_pN_aS": 0.11524822695035461,
        "P_pS_aS": 0.29609929078014185
      },
      "test_results": {
        "macro_f1": 0.4235703292009725,
        "tcs": 0.13775423827621225,
        "neutral_ratio": 0.7234543010752689,
        "long_recall": 0.2656826568265683,
        "short_recall": 0.24266144814090018,
        "long_precision": 0.31648351648351647,
        "short_precision": 0.33695652173913043,
        "confusion_matrix": [
          [
            124,
            364,
            23
          ],
          [
            209,
            1426,
            288
          ],
          [
            35,
            363,
            144
          ]
        ],
        "P_aL_pL": 0.33695652173913043,
        "P_aN_pL": 0.5679347826086957,
        "P_aS_pL": 0.09510869565217392,
        "P_aL_pN": 0.16906641895030192,
        "P_aN_pN": 0.6623316302833256,
        "P_aS_pN": 0.1686019507663725,
        "P_aL_pS": 0.05054945054945055,
        "P_aN_pS": 0.6329670329670329,
        "P_aS_pS": 0.31648351648351647,
        "P_pL_aL": 0.24266144814090018,
        "P_pN_aL": 0.4090019569471624,
        "P_pS_aL": 0.0684931506849315,
        "P_pL_aN": 0.1892875715028601,
        "P_pN_aN": 0.7415496619864794,
        "P_pS_aN": 0.18876755070202808,
        "P_pL_aS": 0.042435424354243544,
        "P_pN_aS": 0.5313653136531366,
        "P_pS_aS": 0.2656826568265683,
        "pred_distribution": {
          "DOWN": 368,
          "NEUTRAL": 2153,
          "UP": 455
        }
      },
      "threshold_comparison": [
        {
          "threshold": 0.55,
          "neutral_ratio": 0.7234543010752689,
          "macro_f1": 0.4235703292009725,
          "tcs": 0.13775423827621225
        },
        {
          "threshold": 0.6,
          "neutral_ratio": 0.8598790322580645,
          "macro_f1": 0.37907432442421357,
          "tcs": 0.13731890987379375
        },
        {
          "threshold": 0.65,
          "neutral_ratio": 0.9465725806451613,
          "macro_f1": 0.32697840896210933,
          "tcs": 0.1839501872824656
        },
        {
          "threshold": 0.7,
          "neutral_ratio": 0.9771505376344086,
          "macro_f1": 0.28876321648084174,
          "tcs": 0.12151461083493548
        },
        {
          "threshold": 0.75,
          "neutral_ratio": 0.990255376344086,
          "macro_f1": 0.2802110887768568,
          "tcs": 0.05150040953865857
        }
      ]
    },
    {
      "fold_name": "6-month",
      "n_months": 6,
      "train_months": [
        202504,
        202505,
        202506,
        202507,
        202508,
        202509
      ],
      "config": {
        "neutral_scale": 1.3,
        "lookforward_bars": 6,
        "seq_len": 48,
        "train_neutral_ratio": 0.6301798724954463,
        "optimal_threshold": 0.55
      },
      "valid_results": {
        "macro_f1": 0.366837086925979,
        "tcs": 0.2803979049770941,
        "neutral_ratio": 0.9510416666666667,
        "long_recall": 0.047872340425531915,
        "short_recall": 0.14038461538461539,
        "long_precision": 0.627906976744186,
        "short_precision": 0.7448979591836735,
        "confusion_matrix": [
          [
            73,
            445,
            2
          ],
          [
            24,
            1758,
            14
          ],
          [
            1,
            536,
            27
          ]
        ],
        "P_aL_pL": 0.7448979591836735,
        "P_aN_pL": 0.24489795918367346,
        "P_aS_pL": 0.01020408163265306,
        "P_aL_pN": 0.1624680540343191,
        "P_aN_pN": 0.6418400876232202,
        "P_aS_pN": 0.19569185834246075,
        "P_aL_pS": 0.046511627906976744,
        "P_aN_pS": 0.32558139534883723,
        "P_aS_pS": 0.627906976744186,
        "P_pL_aL": 0.14038461538461539,
        "P_pN_aL": 0.046153846153846156,
        "P_pS_aL": 0.0019230769230769232,
        "P_pL_aN": 0.2477728285077951,
        "P_pN_aN": 0.9788418708240535,
        "P_pS_aN": 0.2984409799554566,
        "P_pL_aS": 0.0035460992907801418,
        "P_pN_aS": 0.024822695035460994,
        "P_pS_aS": 0.047872340425531915
      },
      "test_results": {
        "macro_f1": 0.3927284134233397,
        "tcs": 0.09983712471543865,
        "neutral_ratio": 0.8854166666666666,
        "long_recall": 0.0959409594095941,
        "short_recall": 0.1780821917808219,
        "long_precision": 0.37142857142857144,
        "short_precision": 0.4527363184079602,
        "confusion_matrix": [
          [
            91,
            411,
            9
          ],
          [
            89,
            1755,
            79
          ],
          [
            21,
            469,
            52
          ]
        ],
        "P_aL_pL": 0.4527363184079602,
        "P_aN_pL": 0.4427860696517413,
        "P_aS_pL": 0.1044776119402985,
        "P_aL_pN": 0.15597722960151802,
        "P_aN_pN": 0.6660341555977229,
        "P_aS_pN": 0.177988614800759,
        "P_aL_pS": 0.06428571428571428,
        "P_aN_pS": 0.5642857142857143,
        "P_aS_pS": 0.37142857142857144,
        "P_pL_aL": 0.1780821917808219,
        "P_pN_aL": 0.17416829745596868,
        "P_pS_aL": 0.0410958904109589,
        "P_pL_aN": 0.21372854914196568,
        "P_pN_aN": 0.9126365054602185,
        "P_pS_aN": 0.2438897555902236,
        "P_pL_aS": 0.016605166051660517,
        "P_pN_aS": 0.14575645756457564,
        "P_pS_aS": 0.0959409594095941,
        "pred_distribution": {
          "DOWN": 201,
          "NEUTRAL": 2635,
          "UP": 140
        }
      },
      "threshold_comparison": [
        {
          "threshold": 0.55,
          "neutral_ratio": 0.8854166666666666,
          "macro_f1": 0.3927284134233397,
          "tcs": 0.09983712471543865
        },
        {
          "threshold": 0.6,
          "neutral_ratio": 0.9586693548387096,
          "macro_f1": 0.3399050705979303,
          "tcs": 0.15606931845061428
        },
        {
          "threshold": 0.65,
          "neutral_ratio": 0.9848790322580645,
          "macro_f1": 0.2996531767171012,
          "tcs": 0.24388178929928242
        },
        {
          "threshold": 0.7,
          "neutral_ratio": 0.9932795698924731,
          "macro_f1": 0.28243672647047885,
          "tcs": 0.002482030302310506
        },
        {
          "threshold": 0.75,
          "neutral_ratio": 0.9993279569892473,
          "macro_f1": 0.2643920247680516,