{
  "config": {
    "neutral_scale": 1.3,
    "lookforward_bars": 6,
    "seq_len": 48,
    "hidden_dim": 128,
    "lstm_output_dim": 64,
    "focal_gamma": 2.0,
    "class_weights": [
      2.5,
      1.0,
      2.5
    ],
    "probability_threshold": 0.12
  },
  "results": [
    {
      "train_months": [
        202403,
        202404,
        202405,
        202406,
        202407,
        202408,
        202409,
        202410,
        202411,
        202412,
        202501,
        202502,
        202503,
        202504,
        202505,
        202506
      ],
      "valid_month": 202507,
      "test_month": 202508,
      "train_size": 46704,
      "valid_size": 2976,
      "test_size": 2976,
      "accuracy": 0.699260752688172,
      "P_aL_pL": 0.5577830188679245,
      "P_aN_pL": 0.4410377358490566,
      "P_aS_pL": 0.0011792452830188679,
      "P_aL_pN": 0.061877667140825036,
      "P_aN_pN": 0.8741109530583214,
      "P_aS_pN": 0.06401137980085349,
      "P_aL_pS": 0.0013850415512465374,
      "P_aN_pS": 0.47368421052631576,
      "P_aS_pS": 0.5249307479224377,
      "P_pL_aL": 0.8431372549019608,
      "P_pN_aL": 0.6666666666666666,
      "P_pS_aL": 0.0017825311942959,
      "P_pL_aN": 0.04473007712082262,
      "P_pN_aN": 0.6318766066838046,
      "P_pS_aN": 0.04627249357326478,
      "P_pL_aS": 0.002127659574468085,
      "P_pN_aS": 0.7276595744680852,
      "P_pS_aS": 0.8063829787234043,
      "precision_down": 0.5577830188679245,
      "precision_neutral": 0.8741109530583214,
      "precision_up": 0.5249307479224377,
      "recall_down": 0.8431372549019608,
      "recall_neutral": 0.6318766066838046,
      "recall_up": 0.8063829787234043,
      "f1_down": 0.6713981547196594,
      "f1_neutral": 0.7335123843628767,
      "f1_up": 0.6359060402684563,
      "support_down": 561,
      "support_neutral": 1945,
      "support_up": 470,
      "macro_f1": 0.6802721931169975,
      "macro_precision": 0.6522749066162278,
      "macro_recall": 0.76046561343639,
      "long_recall": 0.8063829787234043,
      "short_recall": 0.8431372549019608,
      "long_precision": 0.5249307479224377,
      "short_precision": 0.5577830188679245,
      "composite_score": 0.9938846590589514,
      "accuracy_post": 0.699260752688172,
      "P_aL_pL_post": 0.5577830188679245,
      "P_aN_pL_post": 0.4410377358490566,
      "P_aS_pL_post": 0.0011792452830188679,
      "P_aL_pN_post": 0.061877667140825036,
      "P_aN_pN_post": 0.8741109530583214,
      "P_aS_pN_post": 0.06401137980085349,
      "P_aL_pS_post": 0.0013850415512465374,
      "P_aN_pS_post": 0.47368421052631576,
      "P_aS_pS_post": 0.5249307479224377,
      "P_pL_aL_post": 0.8431372549019608,
      "P_pN_aL_post": 0.6666666666666666,
      "P_pS_aL_post": 0.0017825311942959,
      "P_pL_aN_post": 0.04473007712082262,
      "P_pN_aN_post": 0.6318766066838046,
      "P_pS_aN_post": 0.04627249357326478,
      "P_pL_aS_post": 0.002127659574468085,
      "P_pN_aS_post": 0.7276595744680852,
      "P_pS_aS_post": 0.8063829787234043,
      "precision_down_post": 0.5577830188679245,
      "precision_neutral_post": 0.8741109530583214,
      "precision_up_post": 0.5249307479224377,
      "recall_down_post": 0.8431372549019608,
      "recall_neutral_post": 0.6318766066838046,
      "recall_up_post": 0.8063829787234043,
      "f1_down_post": 0.6713981547196594,
      "f1_neutral_post": 0.7335123843628767,
      "f1_up_post": 0.6359060402684563,
      "support_down_post": 561,
      "support_neutral_post": 1945,
      "support_up_post": 470,
      "macro_f1_post": 0.6802721931169975,
      "macro_precision_post": 0.6522749066162278,
      "macro_recall_post": 0.76046561343639,
      "long_recall_post": 0.8063829787234043,
      "short_recall_post": 0.8431372549019608,
      "long_precision_post": 0.5249307479224377,
      "short_precision_post": 0.5577830188679245,
      "composite_score_post": 0.9938846590589514,
      "confusion_matrix_raw": [
        [
          473,
          87,
          1
        ],
        [
          374,
          1229,
          342
        ],
        [
          1,
          90,
          379
        ]
      ],
      "confusion_matrix_post": [
        [
          473,
          87,
          1
        ],
        [
          374,
          1229,
          342
        ],
        [
          1,
          90,
          379
        ]
      ]
    },
    {
      "train_months": [
        202403,
        202404,
        202405,
        202406,
        202407,
        202408,
        202409,
        202410,
        202411,
        202412,
        202501,
        202502,
        202503,
        202504,
        202505,
        202506,
        202507,
        202508
      ],
      "valid_month": 202509,
      "test_month": 202510,
      "train_size": 52656,
      "valid_size": 2880,
      "test_size": 2976,
      "accuracy": 0.7752016129032258,
      "P_aL_pL": 0.648729446935725,
      "P_aN_pL": 0.351270553064275,
      "P_aS_pL": 0.0,
      "P_aL_pN": 0.048672566371681415,
      "P_aN_pN": 0.8963337547408344,
      "P_aS_pN": 0.054993678887484194,
      "P_aL_pS": 0.0,
      "P_aN_pS": 0.3724137931034483,
      "P_aS_pS": 0.6275862068965518,
      "P_pL_aL": 0.8493150684931506,
      "P_pN_aL": 0.4598825831702544,
      "P_pS_aL": 0.0,
      "P_pL_aN": 0.04004160166406656,
      "P_pN_aN": 0.7373894955798231,
      "P_pS_aN": 0.0452418096723869,
      "P_pL_aS": 0.0,
      "P_pN_aS": 0.4981549815498155,
      "P_pS_aS": 0.8394833948339483,
      "precision_down": 0.648729446935725,
      "precision_neutral": 0.8963337547408344,
      "precision_up": 0.6275862068965518,
      "recall_down": 0.8493150684931506,
      "recall_neutral": 0.7373894955798231,
      "recall_up": 0.8394833948339483,
      "f1_down": 0.735593220338983,
      "f1_neutral": 0.8091298145506419,
      "f1_up": 0.718232044198895,
      "support_down": 511,
      "support_neutral": 1923,
      "support_up": 542,
      "macro_f1": 0.7543183596961732,
      "macro_precision": 0.7242164695243704,
      "macro_recall": 0.8087293196356407,
      "long_recall": 0.8394833948339483,
      "short_recall": 0.8493150684931506,
      "long_precision": 0.6275862068965518,
      "short_precision": 0.648729446935725,
      "composite_score": 1.4106582721095968,
      "accuracy_post": 0.7752016129032258,
      "P_aL_pL_post": 0.648729446935725,
      "P_aN_pL_post": 0.351270553064275,
      "P_aS_pL_post": 0.0,
      "P_aL_pN_post": 0.048672566371681415,
      "P_aN_pN_post": 0.8963337547408344,
      "P_aS_pN_post": 0.054993678887484194,
      "P_aL_pS_post": 0.0,
      "P_aN_pS_post": 0.3724137931034483,
      "P_aS_pS_post": 0.6275862068965518,
      "P_pL_aL_post": 0.8493150684931506,
      "P_pN_aL_post": 0.4598825831702544,
      "P_pS_aL_post": 0.0,
      "P_pL_aN_post": 0.04004160166406656,
      "P_pN_aN_post": 0.7373894955798231,
      "P_pS_aN_post": 0.0452418096723869,
      "P_pL_aS_post": 0.0,
      "P_pN_aS_post": 0.4981549815498155,
      "P_pS_aS_post": 0.8394833948339483,
      "precision_down_post": 0.648729446935725,
      "precision_neutral_post": 0.8963337547408344,
      "precision_up_post": 0.6275862068965518,
      "recall_down_post": 0.8493150684931506,
      "recall_neutral_post": 0.7373894955798231,
      "recall_up_post": 0.8394833948339483,
      "f1_down_post": 0.735593220338983,
      "f1_neutral_post": 0.8091298145506419,
      "f1_up_post": 0.718232044198895,
      "support_down_post": 511,
      "support_neutral_post": 1923,
      "support_up_post": 542,
      "macro_f1_post": 0.7543183596961732,
      "macro_precision_post": 0.7242164695243704,
      "macro_recall_post": 0.8087293196356407,
      "long_recall_post": 0.8394833948339483,
      "short_recall_post": 0.8493150684931506,
      "long_precision_post": 0.6275862068965518,
      "short_precision_post": 0.648729446935725,
      "composite_score_post": 1.4106582721095968,