{
  "config": {
    "neutral_scale": 1.3,
    "lookforward_bars": 6,
    "seq_len": 48,
    "probability_threshold": 0.65,
    "train_months": [
      202401,
      202402,
      202403,
      202404,
      202405,
      202406,
      202407,
      202408,
      202409,
      202410,
      202411,
      202412,
      202501,
      202502,
      202503,
      202504,
      202505,
      202506,
      202507,
      202508
    ]
  },
  "results": {
    "Fold 0": {
      "Valid": {
        "macro_f1": 0.6706355287590225,
        "composite_score": -0.15578591043296874,
        "long_recall": 0.6294326241134752,
        "short_recall": 0.6038461538461538,
        "long_precision": 0.6610800744878957,
        "short_precision": 0.5847299813780261,
        "precision_down": 0.5847299813780261,
        "precision_neutral": 0.770764119601329,
        "precision_up": 0.6610800744878957,
        "recall_down": 0.6038461538461538,
        "recall_neutral": 0.7750556792873051,
        "recall_up": 0.6294326241134752,
        "f1_down": 0.5941343424787133,
        "f1_neutral": 0.7729039422543031,
        "f1_up": 0.6448683015440508,
        "P_aL_pL": 0.5847299813780261,
        "P_aN_pL": 0.41527001862197394,
        "P_aS_pL": 0.0,
        "P_aL_pN": 0.11351052048726468,
        "P_aN_pN": 0.770764119601329,
        "P_aS_pN": 0.11572535991140642,
        "P_aL_pS": 0.00186219739292365,
        "P_aN_pS": 0.3370577281191806,
        "P_aS_pS": 0.6610800744878957,
        "P_pL_aL": 0.6038461538461538,
        "P_pN_aL": 0.4288461538461538,
        "P_pS_aL": 0.0,
        "P_pL_aN": 0.11414253897550111,
        "P_pN_aN": 0.7750556792873051,
        "P_pS_aN": 0.11636971046770601,
        "P_pL_aS": 0.0017730496453900709,
        "P_pN_aS": 0.32092198581560283,
        "P_pS_aS": 0.6294326241134752,
        "support_down": 520,
        "support_neutral": 1796,
        "support_up": 564,
        "pred_distribution": {
          "DOWN": 537,
          "NEUTRAL": 1806,
          "UP": 537
        },
        "confusion_matrix": [
          [
            314,
            205,
            1
          ],
          [
            223,
            1392,
            181
          ],
          [
            0,
            209,
            355
          ]
        ],
        "test_size": 2880
      },
      "Test": {
        "macro_f1": 0.6385284704171358,
        "composite_score": -0.27481411008636486,
        "long_recall": 0.496309963099631,
        "short_recall": 0.6634050880626223,
        "long_precision": 0.5886214442013129,
        "short_precision": 0.5621890547263682,
        "precision_down": 0.5621890547263682,
        "precision_neutral": 0.7698329853862212,
        "precision_up": 0.5886214442013129,
        "recall_down": 0.6634050880626223,
        "recall_neutral": 0.767030681227249,
        "recall_up": 0.496309963099631,
        "f1_down": 0.6086175942549372,
        "f1_neutral": 0.7684292784579316,
        "f1_up": 0.5385385385385385,
        "P_aL_pL": 0.5621890547263682,
        "P_aN_pL": 0.43283582089552236,
        "P_aS_pL": 0.004975124378109453,
        "P_aL_pN": 0.08924843423799582,
        "P_aN_pN": 0.7698329853862212,
        "P_aS_pN": 0.1409185803757829,
        "P_aL_pS": 0.002188183807439825,
        "P_aN_pS": 0.40919037199124725,
        "P_aS_pS": 0.5886214442013129,
        "P_pL_aL": 0.6634050880626223,
        "P_pN_aL": 0.5107632093933464,
        "P_pS_aL": 0.005870841487279843,
        "P_pL_aN": 0.08892355694227769,
        "P_pN_aN": 0.767030681227249,
        "P_pS_aN": 0.14040561622464898,
        "P_pL_aS": 0.0018450184501845018,
        "P_pN_aS": 0.34501845018450183,
        "P_pS_aS": 0.496309963099631,
        "support_down": 511,
        "support_neutral": 1923,
        "support_up": 542,
        "pred_distribution": {
          "DOWN": 603,
          "NEUTRAL": 1916,
          "UP": 457
        },
        "confusion_matrix": [
          [
            339,
            171,
            1
          ],
          [
            261,
            1475,
            187
          ],
          [
            3,
            270,
            269
          ]
        ],
        "test_size": 2976
      }
    },
    "Fold 1": {
      "Valid": {
        "macro_f1": 0.7136300703123889,
        "composite_score": 0.07576532203895725,
        "long_recall": 0.6273062730627307,
        "short_recall": 0.6634050880626223,
        "long_precision": 0.6451612903225806,
        "short_precision": 0.7077244258872651,
        "precision_down": 0.7077244258872651,
        "precision_neutral": 0.8101522842639594,
        "precision_up": 0.6451612903225806,
        "recall_down": 0.6634050880626223,
        "recall_neutral": 0.8299531981279251,
        "recall_up": 0.6273062730627307,
        "f1_down": 0.6848484848484849,
        "f1_neutral": 0.8199332134600565,
        "f1_up": 0.6361085126286249,
        "P_aL_pL": 0.7077244258872651,
        "P_aN_pL": 0.29227557411273486,
        "P_aS_pL": 0.0,
        "P_aL_pN": 0.08730964467005076,
        "P_aN_pN": 0.8101522842639594,
        "P_aS_pN": 0.10253807106598985,
        "P_aL_pS": 0.0,
        "P_aN_pS": 0.3548387096774194,
        "P_aS_pS": 0.6451612903225806,
        "P_pL_aL": 0.6634050880626223,
        "P_pN_aL": 0.273972602739726,
        "P_pS_aL": 0.0,
        "P_pL_aN": 0.08944357774310972,
        "P_pN_aN": 0.8299531981279251,
        "P_pS_aN": 0.10504420176807072,
        "P_pL_aS": 0.0,
        "P_pN_aS": 0.34501845018450183,
        "P_pS_aS": 0.6273062730627307,
        "support_down": 511,
        "support_neutral": 1923,
        "support_up": 542,
        "pred_distribution": {
          "DOWN": 479,
          "NEUTRAL": 1970,
          "UP": 527
        },
        "confusion_matrix": [
          [
            339,
            172,
            0
          ],
          [
            140,
            1596,
            187
          ],
          [
            0,
            202,
            340
          ]
        ],
        "test_size": 2976
      },
      "Test": {
        "macro_f1": 0.7405284125474235,
        "composite_score": 0.18755181353866357,
        "long_recall": 0.6834381551362684,
        "short_recall": 0.7127272727272728,
        "long_precision": 0.6455445544554456,
        "short_precision": 0.7410207939508506,
        "precision_down": 0.7410207939508506,
        "precision_neutral": 0.83261105092091,
        "precision_up": 0.6455445544554456,
        "recall_down": 0.7127272727272728,
        "recall_neutral": 0.829465731246627,
        "recall_up": 0.6834381551362684,
        "f1_down": 0.7265987025023168,
        "f1_neutral": 0.8310354149770208,
        "f1_up": 0.6639511201629329,
        "P_aL_pL": 0.7410207939508506,
        "P_aN_pL": 0.2589792060491493,
        "P_aS_pL": 0.0,
        "P_aL_pN": 0.08559046587215602,
        "P_aN_pN": 0.83261105092091,
        "P_aS_pN": 0.0817984832069339,
        "P_aL_pS": 0.0,
        "P_aN_pS": 0.35445544554455444,
        "P_aS_pS": 0.6455445544554456,
        "P_pL_aL": 0.7127272727272728,
        "P_pN_aL": 0.24909090909090909,
        "P_pS_aL": 0.0,
        "P_pL_aN": 0.08526713437668645,
        "P_pN_aN": 0.829465731246627,
        "P_pS_aN": 0.08148947652455478,
        "P_pL_aS": 0.0,
        "P_pN_aS": 0.3752620545073375,
        "P_pS_aS": 0.6834381551362684,
        "support_down": 550,
        "support_neutral": 1853,
        "support_up": 477,
        "pred_distribution": {
          "DOWN": 529,
          "NEUTRAL": 1846,
          "UP": 505
        },
        "confusion_matrix": [
          [
            392,
            158,
            0
          ],
          [
            137,
            1537,
            179
          ],
          [
            0,
            151,
            326
          ]
        ],
        "test_size": 2880
      }
    }
  }
}