{
  "config": {
    "neutral_scale": 1.3,
    "lookforward_bars": 6,
    "seq_len": 48,
    "probability_threshold": 0.12,
    "train_months": [
      202408,
      202409,
      202410,
      202411,
      202412,
      202501,
      202502,
      202503,
      202504,
      202505,
      202506,
      202507,
      202508
    ]
  },
  "results": {
    "Valid": {
      "macro_f1": 0.43164097290451625,
      "composite_score": -1.8659514479995973,
      "long_recall": 0.16312056737588654,
      "short_recall": 0.28076923076923077,
      "long_precision": 0.3484848484848485,
      "short_precision": 0.45482866043613707,
      "precision_down": 0.45482866043613707,
      "precision_neutral": 0.6466230936819172,
      "precision_up": 0.3484848484848485,
      "recall_down": 0.28076923076923077,
      "recall_neutral": 0.8262806236080178,
      "recall_up": 0.16312056737588654,
      "f1_down": 0.34720570749108204,
      "f1_neutral": 0.7254949890002443,
      "f1_up": 0.22222222222222224,
      "P_aL_pL": 0.45482866043613707,
      "P_aN_pL": 0.5171339563862928,
      "P_aS_pL": 0.028037383177570093,
      "P_aL_pN": 0.15163398692810456,
      "P_aN_pN": 0.6466230936819172,
      "P_aS_pN": 0.2017429193899782,
      "P_aL_pS": 0.09848484848484848,
      "P_aN_pS": 0.553030303030303,
      "P_aS_pS": 0.3484848484848485,
      "P_pL_aL": 0.28076923076923077,
      "P_pN_aL": 0.3192307692307692,
      "P_pS_aL": 0.01730769230769231,
      "P_pL_aN": 0.19376391982182628,
      "P_pN_aN": 0.8262806236080178,
      "P_pS_aN": 0.2577951002227171,
      "P_pL_aS": 0.04609929078014184,
      "P_pN_aS": 0.25886524822695034,
      "P_pS_aS": 0.16312056737588654,
      "support_down": 520,
      "support_neutral": 1796,
      "support_up": 564,
      "pred_distribution": {
        "DOWN": 321,
        "NEUTRAL": 2295,
        "UP": 264
      },
      "confusion_matrix": [
        [
          146,
          348,
          26
        ],
        [
          166,
          1484,
          146
        ],
        [
          9,
          463,
          92
        ]
      ],
      "test_size": 2880
    },
    "Test": {
      "macro_f1": 0.4879513758585549,
      "composite_score": -1.9414420951454467,
      "long_recall": 0.3118081180811808,
      "short_recall": 0.36007827788649704,
      "long_precision": 0.30952380952380953,
      "short_precision": 0.5154061624649859,
      "precision_down": 0.5154061624649859,
      "precision_neutral": 0.7028461167390255,
      "precision_up": 0.30952380952380953,
      "recall_down": 0.36007827788649704,
      "recall_neutral": 0.7576703068122725,
      "recall_up": 0.3118081180811808,
      "f1_down": 0.423963133640553,
      "f1_neutral": 0.7292292292292292,
      "f1_up": 0.31066176470588236,
      "P_aL_pL": 0.5154061624649859,
      "P_aN_pL": 0.4649859943977591,
      "P_aS_pL": 0.0196078431372549,
      "P_aL_pN": 0.120598166907863,
      "P_aN_pN": 0.7028461167390255,
      "P_aS_pN": 0.17655571635311143,
      "P_aL_pS": 0.14102564102564102,
      "P_aN_pS": 0.5494505494505495,
      "P_aS_pS": 0.30952380952380953,
      "P_pL_aL": 0.36007827788649704,
      "P_pN_aL": 0.324853228962818,
      "P_pS_aL": 0.0136986301369863,
      "P_pL_aN": 0.13000520020800832,
      "P_pN_aN": 0.7576703068122725,
      "P_pS_aN": 0.19032761310452417,
      "P_pL_aS": 0.14206642066420663,
      "P_pN_aS": 0.5535055350553506,
      "P_pS_aS": 0.3118081180811808,
      "support_down": 511,
      "support_neutral": 1923,
      "support_up": 542,
      "pred_distribution": {
        "DOWN": 357,
        "NEUTRAL": 2073,
        "UP": 546
      },
      "confusion_matrix": [
        [
          184,
          250,
          77
        ],
        [
          166,
          1457,
          300
        ],
        [
          7,
          366,
          169
        ]
      ],
      "test_size": 2976
    }
  }
}